case_id,split,family_id,oracle_class,oracle_lag_frames,oracle_reason,generator_id,generator_version,seed,parameters_json,parameter_digest,baseline_sha256_float32_le,candidate_sha256_float32_le,pcm_pair_sha256,strata_json
calibration-uniform-noise-v1-00,calibration,uniform-noise-v1,unique,-64,Seeded broadband noise has one constructed integer correspondence.,uniform-noise-v1,1.0.0,11000,"{""baseline_sync_length_frames"":521,""baseline_sync_origin_frames"":0,""candidate_gain"":1.0,""candidate_sync_length_frames"":521,""candidate_sync_origin_frames"":0,""lag_frames"":-64,""length_frames"":521,""level_linear_fs"":0.8,""polarity"":1,""search_bounds_reported_lag_frames"":[-64,64],""snr_db"":null,""sync_copy_transform"":""none""}",bdc1d5991aaaa5e412fe21635481d0591fe5ef9a804863154b7282ad8c598b21,1286d20bd8c12b1bb75746ff5610da3dfc236be957b0ade58e1cd6d60f09e229,aeda76b7db728206ace2a46130a4cfde3b5abaeebfdd26f3fbe451d052440e7a,98863095974109a3cea3c4cfd4869afb02ee59d9f6c2ba0e343303475d647c20,"{""duration"":""short"",""energy"":""active"",""lag_position"":""lower_boundary"",""level"":""nominal"",""noise"":""none"",""overlap"":""normal"",""polarity"":""normal"",""sync_origin"":""zero""}"
calibration-uniform-noise-v1-01,calibration,uniform-noise-v1,unique,-37,Seeded broadband noise has one constructed integer correspondence.,uniform-noise-v1,1.0.0,11001,"{""baseline_sync_length_frames"":756,""baseline_sync_origin_frames"":13,""candidate_gain"":1.0,""candidate_sync_length_frames"":764,""candidate_sync_origin_frames"":5,""lag_frames"":-37,""length_frames"":769,""level_linear_fs"":0.18,""polarity"":1,""search_bounds_reported_lag_frames"":[-64,64],""snr_db"":null,""sync_copy_transform"":""none""}",6f42248026a81b3580a3b9512f3d7941cab2796f3db2d93d9ba0e73be1c264cd,f82deb3e766bf3617222c3e9362162f1196be3fed1f62486202b588128bfdb3e,d765e0bf0781b4bea24a48520e0b15481a8f858ad622eb7be259ba4808a71f12,d3e3e7b5503757f0df887c43bb335bafa86eeeb467dec661943a0b70fe628e94,"{""duration"":""medium"",""energy"":""active"",""lag_position"":""negative"",""level"":""nominal"",""noise"":""none"",""overlap"":""normal"",""polarity"":""normal"",""sync_origin"":""offset""}"
calibration-uniform-noise-v1-02,calibration,uniform-noise-v1,unique,0,Seeded broadband noise has one constructed integer correspondence.,uniform-noise-v1,1.0.0,11002,"{""baseline_sync_length_frames"":1024,""baseline_sync_origin_frames"":7,""candidate_gain"":1.0,""candidate_sync_length_frames"":1012,""candidate_sync_origin_frames"":19,""lag_frames"":0,""length_frames"":1031,""level_linear_fs"":0.8,""polarity"":1,""search_bounds_reported_lag_frames"":[-64,64],""snr_db"":null,""sync_copy_transform"":""none""}",65cc89407b5340673d1b1f72b13f53242763ddb70238133f6975e824aa234dc2,ce718b6d787c4171e2993f61fd02da3a76fbdafa5bc79f0ab3f2ef88e797809f,ce718b6d787c4171e2993f61fd02da3a76fbdafa5bc79f0ab3f2ef88e797809f,fbf730e281db85e707ec285b36e7262f8953a4f613f4b53cd320a8cfac561ac5,"{""duration"":""long"",""energy"":""active"",""lag_position"":""zero"",""level"":""nominal"",""noise"":""none"",""overlap"":""normal"",""polarity"":""normal"",""sync_origin"":""offset""}"
calibration-uniform-noise-v1-03,calibration,uniform-noise-v1,unique,29,Seeded broadband noise has one constructed integer correspondence.,uniform-noise-v1,1.0.0,11003,"{""baseline_sync_length_frames"":521,""baseline_sync_origin_frames"":0,""candidate_gain"":1.0,""candidate_sync_length_frames"":521,""candidate_sync_origin_frames"":0,""lag_frames"":29,""length_frames"":521,""level_linear_fs"":0.18,""polarity"":1,""search_bounds_reported_lag_frames"":[-64,64],""snr_db"":null,""sync_copy_transform"":""none""}",cc9f80f520331486b0772a502e322252ee6b5020f5c65ee40394549247f32358,5d4a8f59ea5e74058357640bbee293aba2d7b23c348f55979eced7e4bf6dc3a4,5367409e71e31eec3a5a1d407c86ee80dc46b5d5f640fe35b810fc201f9e6109,6a4e301b440caf8a13212acc018285cee7fc8ef871d2adad39aefd45ef269c41,"{""duration"":""short"",""energy"":""active"",""lag_position"":""positive"",""level"":""nominal"",""noise"":""none"",""overlap"":""normal"",""polarity"":""normal"",""sync_origin"":""zero""}"
calibration-uniform-noise-v1-04,calibration,uniform-noise-v1,unique,64,Seeded broadband noise has one constructed integer correspondence.,uniform-noise-v1,1.0.0,11004,"{""baseline_sync_length_frames"":756,""baseline_sync_origin_frames"":13,""candidate_gain"":1.0,""candidate_sync_length_frames"":764,""candidate_sync_origin_frames"":5,""lag_frames"":64,""length_frames"":769,""level_linear_fs"":0.8,""polarity"":1,""search_bounds_reported_lag_frames"":[-64,64],""snr_db"":null,""sync_copy_transform"":""none""}",05e2519fe77938bd939ba414ecac50f69f63fc06a02ba370b773584208fe61f9,2c95f55a465275bfda62894194fd76dec1d57c430e233dd7ddda12a19c03f465,a060d915286c6ef0885ef6fbd6b24e2cb2d8c205e0ee7c0150a6beee3e1cc2f9,d1fe511bbdf37aa04efbdb0d6dd238e5ff6a7f601f9650f3442003b64aced631,"{""duration"":""medium"",""energy"":""active"",""lag_position"":""upper_boundary"",""level"":""nominal"",""noise"":""none"",""overlap"":""normal"",""polarity"":""normal"",""sync_origin"":""offset""}"
calibration-uniform-noise-v1-05,calibration,uniform-noise-v1,unique,29,Polarity changes score sign but not the constructed correspondence.,uniform-noise-v1,1.0.0,11005,"{""baseline_sync_length_frames"":1018,""baseline_sync_origin_frames"":13,""candidate_gain"":1.0,""candidate_sync_length_frames"":1026,""candidate_sync_origin_frames"":5,""lag_frames"":29,""length_frames"":1031,""level_linear_fs"":0.8,""polarity"":-1,""search_bounds_reported_lag_frames"":[-64,64],""snr_db"":null,""sync_copy_transform"":""remove_dc""}",a64feb8d93da5c4c5b89495460f6984e75a01c7302ac5166bc81b2e0f12cf0ba,71c1b302bfe3c0cbe93d48e959856b2f1c7e86db49f7775e55db083ae634bc95,170ca083f1e7447fef39dcb5ea75e1d81b79b7c7b058d6a8f3495fbb4aa9c883,f3a7057e6d0fc3e56c4ac0caa09baf9cd1f857b30307b45368c55ae18ff2382e,"{""duration"":""long"",""energy"":""active"",""lag_position"":""positive"",""level"":""nominal"",""noise"":""none"",""overlap"":""normal"",""polarity"":""inverted"",""sync_origin"":""offset""}"
calibration-uniform-noise-v1-06,calibration,uniform-noise-v1,unique,-37,Positive level scaling preserves the unique broadband correspondence.,uniform-noise-v1,1.0.0,11006,"{""baseline_sync_length_frames"":762,""baseline_sync_origin_frames"":7,""candidate_gain"":0.4,""candidate_sync_length_frames"":750,""candidate_sync_origin_frames"":19,""lag_frames"":-37,""length_frames"":769,""level_linear_fs"":0.0008,""polarity"":1,""search_bounds_reported_lag_frames"":[-64,64],""snr_db"":null,""sync_copy_transform"":""none""}",cb431afdfd9636f0030f7118235e4bb8011cc02348008162964961ef76d28229,421cef6b8380725ba258eb6c0fffc521061bc6c00b5262a0da44e7b8af8aef13,f76a9a8f6b1c5a258d5efaa63bd006cb5422b2059f823c165bba22b472ed6e30,13fe8dc338b8947db8afd083428eb7807a88806173588fdc9578fddfe2cb7ce2,"{""duration"":""medium"",""energy"":""active"",""lag_position"":""negative"",""level"":""very_low"",""noise"":""none"",""overlap"":""normal"",""polarity"":""normal"",""sync_origin"":""offset""}"
calibration-uniform-noise-v1-07,calibration,uniform-noise-v1,unique,29,Independent controlled noise perturbs but does not duplicate the constructed correspondence.,uniform-noise-v1,1.0.0,11007,"{""baseline_sync_length_frames"":769,""baseline_sync_origin_frames"":0,""candidate_gain"":1.0,""candidate_sync_length_frames"":769,""candidate_sync_origin_frames"":0,""lag_frames"":29,""length_frames"":769,""level_linear_fs"":0.18,""polarity"":1,""search_bounds_reported_lag_frames"":[-64,64],""snr_db"":36.0,""sync_copy_transform"":""none""}",2f4ce390a9f930c37a54b3e1b483e570e864697c49e8b1ade3ec5ea992e2c4c3,b2f1b6a97ed4f9912c04996b9267a99b1f63b12839c0aece05804bbac217f0a9,953ec6199e2fc0cfbf6e7d29269c884b0cd796a658539676679e9a1c43bacc58,65555868f3ea563d1ddf5cd1e49428a77c7bf22d03cc93f9fb209301950627ba,"{""duration"":""medium"",""energy"":""active"",""lag_position"":""positive"",""level"":""nominal"",""noise"":""high_snr"",""overlap"":""normal"",""polarity"":""normal"",""sync_origin"":""zero""}"
calibration-uniform-noise-v1-08,calibration,uniform-noise-v1,unique,29,Independent controlled noise perturbs but does not duplicate the constructed correspondence.,uniform-noise-v1,1.0.0,11008,"{""baseline_sync_length_frames"":769,""baseline_sync_origin_frames"":0,""candidate_gain"":1.0,""candidate_sync_length_frames"":769,""candidate_sync_origin_frames"":0,""lag_frames"":29,""length_frames"":769,""level_linear_fs"":0.18,""polarity"":1,""search_bounds_reported_lag_frames"":[-64,64],""snr_db"":18.0,""sync_copy_transform"":""none""}",fa4389c21cb75951363e41eb463f319f458a4644f3eb1216e89419c62c93de09,7c1d159da61111c4568bcea68d655a174a354287fe55af36bf72908fbc058ac9,0d056e37fc3ed2fba34b722bbde42876c7e2df90e7970cc199e594fdc788cbaf,7be0d097052589e34055e2dda44445d6e0a43aed09320d13b5cbd259c454c1f0,"{""duration"":""medium"",""energy"":""active"",""lag_position"":""positive"",""level"":""nominal"",""noise"":""medium_snr"",""overlap"":""normal"",""polarity"":""normal"",""sync_origin"":""zero""}"
calibration-uniform-noise-v1-09,calibration,uniform-noise-v1,unique,29,Independent controlled noise perturbs but does not duplicate the constructed correspondence.,uniform-noise-v1,1.0.0,11009,"{""baseline_sync_length_frames"":769,""baseline_sync_origin_frames"":0,""candidate_gain"":1.0,""candidate_sync_length_frames"":769,""candidate_sync_origin_frames"":0,""lag_frames"":29,""length_frames"":769,""level_linear_fs"":0.18,""polarity"":1,""search_bounds_reported_lag_frames"":[-64,64],""snr_db"":7.0,""sync_copy_transform"":""none""}",bfe0250c837ee263c2109e5cdb532a7971be80fb877e5425da17314ffbf80d7c,9f2197e9edc26c41c7c1f4058be189b11f128097eb239dc85dbc7553c345d172,db502cd565515b8207f4d6e366f37a375305903754fc92882af5f336caf44008,a7d50596e468061def23c85d4558cf57d84d71521096959766c475636bd05512,"{""duration"":""medium"",""energy"":""active"",""lag_position"":""positive"",""level"":""nominal"",""noise"":""low_snr"",""overlap"":""normal"",""polarity"":""normal"",""sync_origin"":""zero""}"
calibration-uniform-noise-v1-10,calibration,uniform-noise-v1,unique,29,A 48-frame sync region is sufficient for the permissive profile and probes overlap sensitivity.,uniform-noise-v1,1.0.0,11010,"{""baseline_sync_length_frames"":48,""baseline_sync_origin_frames"":0,""candidate_gain"":1.0,""candidate_sync_length_frames"":48,""candidate_sync_origin_frames"":0,""lag_frames"":29,""length_frames"":521,""level_linear_fs"":0.8,""polarity"":1,""search_bounds_reported_lag_frames"":[-64,64],""snr_db"":null,""sync_copy_transform"":""none""}",056010f4ce6f0cff62094f448579ebdcd8a1f9b8491070143726e85ae5d139e7,00cc6ce9242ad8f4077ced5a99585c62b9f181bb3775bfb570464d0c1ea48423,1498a5197a2c26dcde373b13b3c39759057eafed62022c4f957aa4b16aefe0a3,4a137597e1cb4712b0f68a3ef7a15dd6e71e0e4556c9496628ec8fc3e6f8f2a0,"{""duration"":""short"",""energy"":""active"",""lag_position"":""positive"",""level"":""nominal"",""noise"":""none"",""overlap"":""normal"",""polarity"":""normal"",""sync_origin"":""zero""}"
calibration-lfsr-prbs15-v1-11,calibration,lfsr-prbs15-v1,unique,-64,The non-repeating PRBS window has one constructed correspondence in the search range.,lfsr-prbs15-v1,1.0.0,11011,"{""baseline_sync_length_frames"":1031,""baseline_sync_origin_frames"":0,""candidate_gain"":1.0,""candidate_sync_length_frames"":1031,""candidate_sync_origin_frames"":0,""lag_frames"":-64,""length_frames"":1031,""level_linear_fs"":0.18,""polarity"":-1,""search_bounds_reported_lag_frames"":[-64,64],""snr_db"":null,""sync_copy_transform"":""none""}",f7a281f4c6e4db7712022b955ce00f2f48b3d000319db7047f7f2cc0f2f78ecc,c1d4e2c8d39c113d28c1d42405b868d904ef3af224fe57d14e2bf76c4b2ebb07,73f0341c7544a2468f648babda39ac80f1df1b2ef5e12830b2c07febc569b29c,f38f553fb59198c80c17fc5ddc643f60b2c3c6461931dde5dabca0566c6aabda,"{""duration"":""long"",""energy"":""active"",""lag_position"":""lower_boundary"",""level"":""nominal"",""noise"":""none"",""overlap"":""normal"",""polarity"":""inverted"",""sync_origin"":""zero""}"
calibration-lfsr-prbs15-v1-12,calibration,lfsr-prbs15-v1,unique,0,The non-repeating PRBS window has one constructed correspondence in the search range.,lfsr-prbs15-v1,1.0.0,11012,"{""baseline_sync_length_frames"":508,""baseline_sync_origin_frames"":13,""candidate_gain"":1.0,""candidate_sync_length_frames"":516,""candidate_sync_origin_frames"":5,""lag_frames"":0,""length_frames"":521,""level_linear_fs"":0.8,""polarity"":1,""search_bounds_reported_lag_frames"":[-64,64],""snr_db"":null,""sync_copy_transform"":""none""}",f19ea488837804b3049ea9d9d0fc4b7e8c3569f064269694df6da1d1f61a041b,4d3a4cccd016a6e57905e8b3400308fbadd8c36f6b15c9fdbf1a1eb92188cc91,4d3a4cccd016a6e57905e8b3400308fbadd8c36f6b15c9fdbf1a1eb92188cc91,21369b1ffcf586d5c79bdd4ac0df8c7bf1e6151992631a873af34b17b5267246,"{""duration"":""short"",""energy"":""active"",""lag_position"":""zero"",""level"":""nominal"",""noise"":""none"",""overlap"":""normal"",""polarity"":""normal"",""sync_origin"":""offset""}"
calibration-lfsr-prbs15-v1-13,calibration,lfsr-prbs15-v1,unique,64,The non-repeating PRBS window has one constructed correspondence in the search range.,lfsr-prbs15-v1,1.0.0,11013,"{""baseline_sync_length_frames"":762,""baseline_sync_origin_frames"":7,""candidate_gain"":1.0,""candidate_sync_length_frames"":750,""candidate_sync_origin_frames"":19,""lag_frames"":64,""length_frames"":769,""level_linear_fs"":0.18,""polarity"":-1,""search_bounds_reported_lag_frames"":[-64,64],""snr_db"":null,""sync_copy_transform"":""none""}",d35dcf8d7e7b7899ff6bf38154aef712e160b8d2b59626d42dd8ffe00743083a,8a5acdeb9c3b404dfb10a0a381b0dc038cf54b2a09a62b47598254d0a1475efa,8f8437bf13771922a74553e15571dc5d2e022931aba414f3bbb1e6a169712bbf,e18424c92a3765939119556fbef2d7dace86c97380b7ec2438945012fbd559c6,"{""duration"":""medium"",""energy"":""active"",""lag_position"":""upper_boundary"",""level"":""nominal"",""noise"":""none"",""overlap"":""normal"",""polarity"":""inverted"",""sync_origin"":""offset""}"
calibration-lfsr-prbs15-v1-14,calibration,lfsr-prbs15-v1,unique,-37,The non-repeating PRBS window has one constructed correspondence in the search range.,lfsr-prbs15-v1,1.0.0,11014,"{""baseline_sync_length_frames"":1018,""baseline_sync_origin_frames"":13,""candidate_gain"":1.0,""candidate_sync_length_frames"":1026,""candidate_sync_origin_frames"":5,""lag_frames"":-37,""length_frames"":1031,""level_linear_fs"":0.8,""polarity"":1,""search_bounds_reported_lag_frames"":[-64,64],""snr_db"":null,""sync_copy_transform"":""none""}",cfc7083853e42d6574803abdb1953c0bc8fe01363024adec5899d26c8098e8b5,f3aaea33cb30dc0ffecd168ce7ddf452ad93591219ec11b1b7d20ea307230f24,7a2e79f9d9c5dce153fbbb9fc334b6ac42b6caf8189cbc367b42a2c50f5cf394,5231c2138557ce3c6c42a41e9afd7a96f7bcb47f2273951e11311aaf8e1b4540,"{""duration"":""long"",""energy"":""active"",""lag_position"":""negative"",""level"":""nominal"",""noise"":""none"",""overlap"":""normal"",""polarity"":""normal"",""sync_origin"":""offset""}"
calibration-integer-periodic-v1-15,calibration,integer-periodic-v1,ambiguous,,Integer-period repetition creates separated equivalent correlation maxima.,integer-periodic-v1,1.0.0,11015,"{""baseline_sync_length_frames"":769,""baseline_sync_origin_frames"":0,""candidate_gain"":1.0,""candidate_sync_length_frames"":769,""candidate_sync_origin_frames"":0,""lag_frames"":0,""length_frames"":769,""level_linear_fs"":0.8,""period_frames"":11,""polarity"":1,""search_bounds_reported_lag_frames"":[-64,64],""snr_db"":null,""sync_copy_transform"":""none""}",27b0f7e55b0beb819257f660b1a78d6db3cb6bb4a118a2efaf625e0b236da555,824ce3dff4b62788253f410d8de3f74e8035af640baa129fa89c63836777bb83,824ce3dff4b62788253f410d8de3f74e8035af640baa129fa89c63836777bb83,0f2e54114fd6c11cea52a79c228629e3079754e9a77ece83439b96315ae69faf,"{""duration"":""medium"",""energy"":""active"",""lag_position"":""not_applicable"",""level"":""nominal"",""noise"":""none"",""overlap"":""normal"",""polarity"":""normal"",""sync_origin"":""zero""}"
calibration-integer-periodic-v1-16,calibration,integer-periodic-v1,ambiguous,,Integer-period repetition creates separated equivalent correlation maxima.,integer-periodic-v1,1.0.0,11016,"{""baseline_sync_length_frames"":769,""baseline_sync_origin_frames"":0,""candidate_gain"":1.0,""candidate_sync_length_frames"":769,""candidate_sync_origin_frames"":0,""lag_frames"":0,""length_frames"":769,""level_linear_fs"":0.8,""period_frames"":17,""polarity"":1,""search_bounds_reported_lag_frames"":[-64,64],""snr_db"":null,""sync_copy_transform"":""none""}",39043e1cbe2eca482ce11c2e24ebdf37ed930569036343a31ff7cbbc15539e4a,8339dd6a667f87fc3b11ed1296b2b142c78c7af88f7b69e7492a28d6c94c3e71,8339dd6a667f87fc3b11ed1296b2b142c78c7af88f7b69e7492a28d6c94c3e71,d0b1899c5c43aa22c9f3b4056d3df9795a6a6bea9cde878c571037f584969684,"{""duration"":""medium"",""energy"":""active"",""lag_position"":""not_applicable"",""level"":""nominal"",""noise"":""none"",""overlap"":""normal"",""polarity"":""normal"",""sync_origin"":""zero""}"
calibration-integer-periodic-v1-17,calibration,integer-periodic-v1,ambiguous,,Integer-period repetition creates separated equivalent correlation maxima.,integer-periodic-v1,1.0.0,11017,"{""baseline_sync_length_frames"":769,""baseline_sync_origin_frames"":0,""candidate_gain"":1.0,""candidate_sync_length_frames"":769,""candidate_sync_origin_frames"":0,""lag_frames"":0,""length_frames"":769,""level_linear_fs"":0.8,""period_frames"":23,""polarity"":1,""search_bounds_reported_lag_frames"":[-64,64],""snr_db"":null,""sync_copy_transform"":""none""}",5459254ed28dfc1dc5361e6614cb19fc4221ec5cc461eb15f838d9bd62282ce4,8b6389cde441bb6e4158193f0c719e5e8a603c55086e3b7a43c94d5481180746,8b6389cde441bb6e4158193f0c719e5e8a603c55086e3b7a43c94d5481180746,c6e08e14295ce948a1d4334c37de73a0b7b2325597ca20a6c2644d734237c4e7,"{""duration"":""medium"",""energy"":""active"",""lag_position"":""not_applicable"",""level"":""nominal"",""noise"":""none"",""overlap"":""normal"",""polarity"":""normal"",""sync_origin"":""zero""}"
calibration-multi-transient-v1-18,calibration,multi-transient-v1,unique,-64,An asymmetric multi-transient pattern has one constructed correspondence.,multi-transient-v1,1.0.0,11018,"{""background_amplitude"":0.001,""baseline_sync_length_frames"":1031,""baseline_sync_origin_frames"":0,""candidate_gain"":1.0,""candidate_sync_length_frames"":1031,""candidate_sync_origin_frames"":0,""lag_frames"":-64,""length_frames"":1031,""level_linear_fs"":0.8,""polarity"":1,""positions_frames"":[61,173,349,463],""search_bounds_reported_lag_frames"":[-64,64],""snr_db"":null,""sync_copy_transform"":""none""}",8650d7faa83f9d8635f250d7e2bfba4664004c62382c1daa8547b464df32bcec,2f24c3341755aa8221e0a680e4d0ae80cc484e75071b4e56e21e6b8c1c0bfb1c,260df2d23f364bcee826fdff24c79c69df1259be7e36e0e46c030ce7d461dc29,c6e49deca06b589c805f42e8b2a3178135543292ba331082c5ead19c27c8f1b5,"{""duration"":""long"",""energy"":""active"",""lag_position"":""lower_boundary"",""level"":""low"",""noise"":""none"",""overlap"":""normal"",""polarity"":""normal"",""sync_origin"":""zero""}"
calibration-multi-transient-v1-19,calibration,multi-transient-v1,unique,-37,An asymmetric multi-transient pattern has one constructed correspondence.,multi-transient-v1,1.0.0,11019,"{""background_amplitude"":0.001,""baseline_sync_length_frames"":1018,""baseline_sync_origin_frames"":13,""candidate_gain"":1.0,""candidate_sync_length_frames"":1026,""candidate_sync_origin_frames"":5,""lag_frames"":-37,""length_frames"":1031,""level_linear_fs"":0.8,""polarity"":1,""positions_frames"":[97,211,397],""search_bounds_reported_lag_frames"":[-64,64],""snr_db"":null,""sync_copy_transform"":""none""}",5f58c555f573c4920847a21429b8b6e1d188f4f6ce3c06127108d0186236abc4,4ad79d1a4f547162b74b296d8d84b531a8d9e9c77709422d6a751e56a5e606e8,78372ecd5ccb31767820002d59138bcd78c71165f34ec5d5d62b87bfaf2f32eb,037682fc21ac3405a1e82b5f60ca105c79f12d68744afcbcee978b2056799134,"{""duration"":""long"",""energy"":""active"",""lag_position"":""negative"",""level"":""low"",""noise"":""none"",""overlap"":""normal"",""polarity"":""normal"",""sync_origin"":""offset""}"
calibration-multi-transient-v1-20,calibration,multi-transient-v1,unique,29,An asymmetric multi-transient pattern has one constructed correspondence.,multi-transient-v1,1.0.0,11020,"{""background_amplitude"":0.001,""baseline_sync_length_frames"":1024,""baseline_sync_origin_frames"":7,""candidate_gain"":1.0,""candidate_sync_length_frames"":1012,""candidate_sync_origin_frames"":19,""lag_frames"":29,""length_frames"":1031,""level_linear_fs"":0.8,""polarity"":-1,""positions_frames"":[43,281,617],""search_bounds_reported_lag_frames"":[-64,64],""snr_db"":null,""sync_copy_transform"":""none""}",205ebdcb6e1a9489eb3a01ff04b37586085416a909a9b2930ff28186e19e02f9,c73222cec61fffd716ef6f6248dcfc23f187d3b3b1bd4747bec3e8735ebed443,4d59145b8529912c3f6396f6913f0a8d848e1962d25b53c9ad3eda2daa4a1656,682663b125ce5aa14ca0b607a6fee8a2b4eb9a67b211aca31a30919b1d9a10dd,"{""duration"":""long"",""energy"":""active"",""lag_position"":""positive"",""level"":""low"",""noise"":""none"",""overlap"":""normal"",""polarity"":""inverted"",""sync_origin"":""offset""}"
calibration-multi-transient-v1-21,calibration,multi-transient-v1,unique,64,An asymmetric multi-transient pattern has one constructed correspondence.,multi-transient-v1,1.0.0,11021,"{""background_amplitude"":0.001,""baseline_sync_length_frames"":1031,""baseline_sync_origin_frames"":0,""candidate_gain"":1.0,""candidate_sync_length_frames"":1031,""candidate_sync_origin_frames"":0,""lag_frames"":64,""length_frames"":1031,""level_linear_fs"":0.8,""polarity"":1,""positions_frames"":[151,509,701],""search_bounds_reported_lag_frames"":[-64,64],""snr_db"":null,""sync_copy_transform"":""none""}",e74b1608a59966debec9f8266af79854e48636342206871103c738918bab8c40,fd351cea73693390454b26823642037bfd5b20f1a4d2ae996ad91774545c1502,778315ae3f1704ef4e74d6185ac30913f514a9db84ad93c7bed73cbfd7dc1dd7,2af3bd1896629b630cde1a314b949a74f1376040ad9694b3c52b383cf682ba29,"{""duration"":""long"",""energy"":""active"",""lag_position"":""upper_boundary"",""level"":""low"",""noise"":""none"",""overlap"":""normal"",""polarity"":""normal"",""sync_origin"":""zero""}"
calibration-exact-silence-v1-22,calibration,exact-silence-v1,invalid,,Exact silence has RMS equal to every non-negative floor.,exact-silence-v1,1.0.0,11022,"{""baseline_sync_length_frames"":769,""baseline_sync_origin_frames"":0,""candidate_gain"":1.0,""candidate_sync_length_frames"":769,""candidate_sync_origin_frames"":0,""lag_frames"":0,""length_frames"":769,""level_linear_fs"":0.0,""polarity"":1,""search_bounds_reported_lag_frames"":[-64,64],""snr_db"":null,""sync_copy_transform"":""none""}",cdd8a78dbfeaba9e1ff14a3646f60fef58905302e067a273b1dbb0ebcf7ef566,5031a367fe3fb91c0001b930bb179e0d723d123ea53df7704d9d9de7708a2074,5031a367fe3fb91c0001b930bb179e0d723d123ea53df7704d9d9de7708a2074,a9afea070753d11caed41fabaf9835c3a232abe0e8684c69197c2a75fab4190b,"{""duration"":""medium"",""energy"":""silence"",""lag_position"":""not_applicable"",""level"":""near_silence"",""noise"":""none"",""overlap"":""normal"",""polarity"":""normal"",""sync_origin"":""zero""}"
calibration-exact-silence-v1-23,calibration,exact-silence-v1,invalid,,Exact silence has RMS equal to every non-negative floor.,exact-silence-v1,1.0.0,11023,"{""baseline_sync_length_frames"":1031,""baseline_sync_origin_frames"":0,""candidate_gain"":1.0,""candidate_sync_length_frames"":1031,""candidate_sync_origin_frames"":0,""lag_frames"":0,""length_frames"":1031,""level_linear_fs"":0.0,""polarity"":1,""search_bounds_reported_lag_frames"":[-64,64],""snr_db"":null,""sync_copy_transform"":""none""}",d0a2dcef64a4ef3a88d7498a4c4c78f917eb7f74b0b6d390ad9a55d97affb6d4,cb02d78d798ec2d1b8831dc596411cff558b09fb8f9de495843104199c43898d,cb02d78d798ec2d1b8831dc596411cff558b09fb8f9de495843104199c43898d,f29d13100289cc0a2304159aec50004b32d7485211b8f4b218adb5b9c5f48851,"{""duration"":""long"",""energy"":""silence"",""lag_position"":""not_applicable"",""level"":""near_silence"",""noise"":""none"",""overlap"":""normal"",""polarity"":""normal"",""sync_origin"":""zero""}"
calibration-short-sync-v1-24,calibration,short-sync-v1,invalid,,Every eligible sync overlap is shorter than the smallest explored minimum.,short-sync-v1,1.0.0,11024,"{""baseline_sync_length_frames"":15,""baseline_sync_origin_frames"":0,""candidate_gain"":1.0,""candidate_sync_length_frames"":15,""candidate_sync_origin_frames"":0,""lag_frames"":0,""length_frames"":521,""level_linear_fs"":0.8,""polarity"":1,""search_bounds_reported_lag_frames"":[-64,64],""snr_db"":null,""sync_copy_transform"":""none""}",988d9ecf575e6591f2c5566b0748f7fdf306ddd01b8693478780fc73a99a241f,31f6f7441feb19741e1e1550fd1e86316e319735aa209d0ab651b8570413f1be,31f6f7441feb19741e1e1550fd1e86316e319735aa209d0ab651b8570413f1be,6aa4ba86a29d56ca7c76b9f8fe31ba698c384efcf9c722a656bef1eed90f6a9b,"{""duration"":""short"",""energy"":""active"",""lag_position"":""not_applicable"",""level"":""nominal"",""noise"":""none"",""overlap"":""short"",""polarity"":""normal"",""sync_origin"":""zero""}"
calibration-short-sync-v1-25,calibration,short-sync-v1,invalid,,Every eligible sync overlap is shorter than the smallest explored minimum.,short-sync-v1,1.0.0,11025,"{""baseline_sync_length_frames"":15,""baseline_sync_origin_frames"":13,""candidate_gain"":1.0,""candidate_sync_length_frames"":15,""candidate_sync_origin_frames"":5,""lag_frames"":0,""length_frames"":521,""level_linear_fs"":0.8,""polarity"":1,""search_bounds_reported_lag_frames"":[-64,64],""snr_db"":null,""sync_copy_transform"":""none""}",d3476393216747474556bd291627c328b15aa326bbcfe560ed2760c67c799ef8,663e2dba61a74a709bed6edfd9c9ebe9653c7a3b2ef54a95657dfc22b406f33e,663e2dba61a74a709bed6edfd9c9ebe9653c7a3b2ef54a95657dfc22b406f33e,9de3d419bf282b2dcb49370657f74bc8247199e2972b5910ebbf98b35d42987b,"{""duration"":""short"",""energy"":""active"",""lag_position"":""not_applicable"",""level"":""nominal"",""noise"":""none"",""overlap"":""short"",""polarity"":""normal"",""sync_origin"":""offset""}"
calibration-constant-plateau-v1-26,calibration,constant-plateau-v1,ambiguous,,Constant non-zero signals produce an artificial primary plateau across lags.,constant-plateau-v1,1.0.0,11026,"{""baseline_sync_length_frames"":521,""baseline_sync_origin_frames"":0,""candidate_gain"":1.0,""candidate_sync_length_frames"":521,""candidate_sync_origin_frames"":0,""lag_frames"":0,""length_frames"":521,""level_linear_fs"":0.8,""polarity"":1,""search_bounds_reported_lag_frames"":[-64,64],""snr_db"":null,""sync_copy_transform"":""none""}",108743ae7c6ce33402c338b2bf8eeb57bea72382daab9c87c0793413f9d6c800,8859f2f27a79d812007b35c9b3989055447ffdd0d9dd42d40f246372a4685192,8859f2f27a79d812007b35c9b3989055447ffdd0d9dd42d40f246372a4685192,612ff1335e8b251e8587c98c741eeeba8118562d3bab0f645609ffde435ce9be,"{""duration"":""short"",""energy"":""active"",""lag_position"":""not_applicable"",""level"":""nominal"",""noise"":""none"",""overlap"":""normal"",""polarity"":""normal"",""sync_origin"":""zero""}"
calibration-constant-plateau-v1-27,calibration,constant-plateau-v1,ambiguous,,Constant non-zero signals produce an artificial primary plateau across lags.,constant-plateau-v1,1.0.0,11027,"{""baseline_sync_length_frames"":1031,""baseline_sync_origin_frames"":0,""candidate_gain"":1.0,""candidate_sync_length_frames"":1031,""candidate_sync_origin_frames"":0,""lag_frames"":0,""length_frames"":1031,""level_linear_fs"":0.8,""polarity"":1,""search_bounds_reported_lag_frames"":[-64,64],""snr_db"":null,""sync_copy_transform"":""none""}",cd84556532e844230f6a2df41c2a960b8c91d20938353cac0e85979a2668c384,e5208ad797a2635042eb88ab7f23c3e4939ca675cf545d403a4cae543dc5c881,e5208ad797a2635042eb88ab7f23c3e4939ca675cf545d403a4cae543dc5c881,1606976d0fa28abbccc9b97f76a5777e2cb637433d070abd63aa639fc869f977,"{""duration"":""long"",""energy"":""active"",""lag_position"":""not_applicable"",""level"":""nominal"",""noise"":""none"",""overlap"":""normal"",""polarity"":""normal"",""sync_origin"":""zero""}"
holdout-rademacher-noise-v1-00,holdout,rademacher-noise-v1,unique,-64,Seeded Rademacher broadband content has one constructed integer correspondence.,rademacher-noise-v1,1.0.0,91000,"{""baseline_sync_length_frames"":641,""baseline_sync_origin_frames"":0,""candidate_gain"":1.0,""candidate_sync_length_frames"":641,""candidate_sync_origin_frames"":0,""lag_frames"":-64,""length_frames"":641,""level_linear_fs"":0.63,""polarity"":1,""search_bounds_reported_lag_frames"":[-64,64],""snr_db"":null,""sync_copy_transform"":""none""}",7818699455ee67ea211dc82835d6e5b4132cf9d9ccfd0c192cc284b749d741d4,f4ba5a78e4a5231815b6928d58c7b12a1b256349f6868298be5644d7bac457ca,af4a23cb914363702957f79a2b677d1e3367fc7042e2beb9b8e076bb6ba2dc66,9dd5b16f5106ca12a3e7c14855cc6db69002e9d275abfc7096e91f5bba1ca8f3,"{""duration"":""short"",""energy"":""active"",""lag_position"":""lower_boundary"",""level"":""nominal"",""noise"":""none"",""overlap"":""normal"",""polarity"":""normal"",""sync_origin"":""zero""}"
holdout-rademacher-noise-v1-01,holdout,rademacher-noise-v1,unique,-23,Seeded Rademacher broadband content has one constructed integer correspondence.,rademacher-noise-v1,1.0.0,91001,"{""baseline_sync_length_frames"":870,""baseline_sync_origin_frames"":17,""candidate_gain"":1.0,""candidate_sync_length_frames"":884,""candidate_sync_origin_frames"":3,""lag_frames"":-23,""length_frames"":887,""level_linear_fs"":0.09,""polarity"":1,""search_bounds_reported_lag_frames"":[-64,64],""snr_db"":null,""sync_copy_transform"":""none""}",72bdfd492e61d7c5127e09cb27095f184f31d29a8c00ccdcea23ce36885adb38,8a9879ffeeb52322a13658dd3d027e10afe4fdfe02d7c62ade62b7b6760852c2,63578564e4ae1fe990ef85edabe5f7d4eea73d6f00b6455203ff449a406fac15,3bb530460d2ca33044ceada07076e522abf1ab87a214679a12c845a5e76e42b0,"{""duration"":""medium"",""energy"":""active"",""lag_position"":""negative"",""level"":""low"",""noise"":""none"",""overlap"":""normal"",""polarity"":""normal"",""sync_origin"":""offset""}"
holdout-rademacher-noise-v1-02,holdout,rademacher-noise-v1,unique,0,Seeded Rademacher broadband content has one constructed integer correspondence.,rademacher-noise-v1,1.0.0,91002,"{""baseline_sync_length_frames"":1142,""baseline_sync_origin_frames"":11,""candidate_gain"":1.0,""candidate_sync_length_frames"":1130,""candidate_sync_origin_frames"":23,""lag_frames"":0,""length_frames"":1153,""level_linear_fs"":0.63,""polarity"":1,""search_bounds_reported_lag_frames"":[-64,64],""snr_db"":null,""sync_copy_transform"":""none""}",5b8f7fc7e0546c7f59bfadf3afc03031e34e423ab85d650aef848ba35fe435db,faee3ba8588a93a7ea12c075a0cb38d8e101b4f42a12faf5b77f2c454728f0bc,faee3ba8588a93a7ea12c075a0cb38d8e101b4f42a12faf5b77f2c454728f0bc,4570e4e8052647127be411664e3629a3d932085bb429770cc01c6c2efb6d134d,"{""duration"":""long"",""energy"":""active"",""lag_position"":""zero"",""level"":""nominal"",""noise"":""none"",""overlap"":""normal"",""polarity"":""normal"",""sync_origin"":""offset""}"
holdout-rademacher-noise-v1-03,holdout,rademacher-noise-v1,unique,41,Seeded Rademacher broadband content has one constructed integer correspondence.,rademacher-noise-v1,1.0.0,91003,"{""baseline_sync_length_frames"":641,""baseline_sync_origin_frames"":0,""candidate_gain"":1.0,""candidate_sync_length_frames"":641,""candidate_sync_origin_frames"":0,""lag_frames"":41,""length_frames"":641,""level_linear_fs"":0.09,""polarity"":1,""search_bounds_reported_lag_frames"":[-64,64],""snr_db"":null,""sync_copy_transform"":""none""}",c0ebe9f07080604f7ca171e71da90eecdfd017d71b1b12de33c28313caec9755,91f9272a3d2f05945168ff6beaac7ba5eb9966518f11e6c73542b4fb63c4bf6c,372a1eaf53fb31e3589eea75d7ec277c6db9900e1f0c2e3d2799921c9377a342,dc357a4b7ed0e2d123fb96128abf4c5ebe4d4b1062e949b535560eea791ff98d,"{""duration"":""short"",""energy"":""active"",""lag_position"":""positive"",""level"":""low"",""noise"":""none"",""overlap"":""normal"",""polarity"":""normal"",""sync_origin"":""zero""}"
holdout-rademacher-noise-v1-04,holdout,rademacher-noise-v1,unique,64,Seeded Rademacher broadband content has one constructed integer correspondence.,rademacher-noise-v1,1.0.0,91004,"{""baseline_sync_length_frames"":870,""baseline_sync_origin_frames"":17,""candidate_gain"":1.0,""candidate_sync_length_frames"":884,""candidate_sync_origin_frames"":3,""lag_frames"":64,""length_frames"":887,""level_linear_fs"":0.63,""polarity"":1,""search_bounds_reported_lag_frames"":[-64,64],""snr_db"":null,""sync_copy_transform"":""none""}",5118ca62323e2c2bfee53320a58a0022a7a55833bdb2442ae360dc73e9fe4b1a,8c1d75502b5022f81f5d0d23ed1d2fbf32539ef8b418ca9feea06ca14b81c7df,3c318f439211c0a2797daf80797c4f5f0b219066e4d368659207697226715fc3,89205bc92a41a65d897379532022698f856106937f2ab2475bb6632b44768b1a,"{""duration"":""medium"",""energy"":""active"",""lag_position"":""upper_boundary"",""level"":""nominal"",""noise"":""none"",""overlap"":""normal"",""polarity"":""normal"",""sync_origin"":""offset""}"
holdout-rademacher-noise-v1-05,holdout,rademacher-noise-v1,unique,41,Polarity inversion preserves the Rademacher correspondence and reverses peak sign.,rademacher-noise-v1,1.0.0,91005,"{""baseline_sync_length_frames"":1136,""baseline_sync_origin_frames"":17,""candidate_gain"":1.0,""candidate_sync_length_frames"":1150,""candidate_sync_origin_frames"":3,""lag_frames"":41,""length_frames"":1153,""level_linear_fs"":0.63,""polarity"":-1,""search_bounds_reported_lag_frames"":[-64,64],""snr_db"":null,""sync_copy_transform"":""none""}",190eb68f9e06b4c155033d6735021ade218bfd0da453090d94f8caafaeea95ab,c239306c431ade89c90ffc5c97ea4fb9d76ba7789599e5e4d65146c5fd45c7cb,b0baf99750ecda4a271fb7daa751f1194c20c47d1be295e20205eb83cd2febb8,b001d480ab0dc3a52110b11d222c1b7608e791871b923fd6b047e684dad7b0c6,"{""duration"":""long"",""energy"":""active"",""lag_position"":""positive"",""level"":""nominal"",""noise"":""none"",""overlap"":""normal"",""polarity"":""inverted"",""sync_origin"":""offset""}"
holdout-rademacher-noise-v1-06,holdout,rademacher-noise-v1,unique,-23,Very-low-level broadband content probes the RMS-floor tradeoff.,rademacher-noise-v1,1.0.0,91006,"{""baseline_sync_length_frames"":630,""baseline_sync_origin_frames"":11,""candidate_gain"":1.0,""candidate_sync_length_frames"":618,""candidate_sync_origin_frames"":23,""lag_frames"":-23,""length_frames"":641,""level_linear_fs"":0.0005,""polarity"":1,""search_bounds_reported_lag_frames"":[-64,64],""snr_db"":null,""sync_copy_transform"":""none""}",724d0aba6d921d48aad4bf1b84664918f8d0766e74336124cf7500297255c445,44bd1b1fb56a158a58c7c60e18aa130c3040392364fdfd87518d598b1b9184db,d9fdab80b4179123ca937a078634c51de3d6df36bd91525203cd2edafdf0f1b6,5e17dc7456581dd41c60be3e284ffd3124796e4c6f41ca16a164d8bc9556b1db,"{""duration"":""short"",""energy"":""active"",""lag_position"":""negative"",""level"":""very_low"",""noise"":""none"",""overlap"":""normal"",""polarity"":""normal"",""sync_origin"":""offset""}"
holdout-rademacher-noise-v1-07,holdout,rademacher-noise-v1,unique,41,Controlled holdout noise perturbs a unique correspondence.,rademacher-noise-v1,1.0.0,91007,"{""baseline_sync_length_frames"":887,""baseline_sync_origin_frames"":0,""candidate_gain"":1.0,""candidate_sync_length_frames"":887,""candidate_sync_origin_frames"":0,""lag_frames"":41,""length_frames"":887,""level_linear_fs"":0.09,""polarity"":1,""search_bounds_reported_lag_frames"":[-64,64],""snr_db"":31.0,""sync_copy_transform"":""none""}",9c0379678a2528f1f00e580eba8c8cf5ee368411fa3f9a99e14c0d43da42bc0a,9a0c37c6718d97da71abb3874f6273c294e3b39425b0c21eccf11ae2316d6c54,850983092f16e31c45add2cde1eccfe5c87f9f14455e90cc40470d1e5a8a2b6a,4fe0484de570d08a607321066712a2d066101f9673f5bc6eeb60bff83d78ffdf,"{""duration"":""medium"",""energy"":""active"",""lag_position"":""positive"",""level"":""low"",""noise"":""high_snr"",""overlap"":""normal"",""polarity"":""normal"",""sync_origin"":""zero""}"
holdout-rademacher-noise-v1-08,holdout,rademacher-noise-v1,unique,41,Controlled holdout noise perturbs a unique correspondence.,rademacher-noise-v1,1.0.0,91008,"{""baseline_sync_length_frames"":887,""baseline_sync_origin_frames"":0,""candidate_gain"":1.0,""candidate_sync_length_frames"":887,""candidate_sync_origin_frames"":0,""lag_frames"":41,""length_frames"":887,""level_linear_fs"":0.09,""polarity"":1,""search_bounds_reported_lag_frames"":[-64,64],""snr_db"":14.0,""sync_copy_transform"":""none""}",62f31bfee4dd5c3584e3cc8ceea9aaab19eceb5c8476f69747d9882b14419649,e3e892aced0ff6b1d9dee12f74c80423bae33432398066cd5113f36b5a5266b0,e545428dc67de85bc597bfabdad9eab6aaf199c02969f55383c88acce4ed37b1,0149f305e41678f54d5ce15fff04a601f4be32f2032b7859f57ae9dc05ca8024,"{""duration"":""medium"",""energy"":""active"",""lag_position"":""positive"",""level"":""low"",""noise"":""medium_snr"",""overlap"":""normal"",""polarity"":""normal"",""sync_origin"":""zero""}"
holdout-rademacher-noise-v1-09,holdout,rademacher-noise-v1,unique,41,Controlled holdout noise perturbs a unique correspondence.,rademacher-noise-v1,1.0.0,91009,"{""baseline_sync_length_frames"":887,""baseline_sync_origin_frames"":0,""candidate_gain"":1.0,""candidate_sync_length_frames"":887,""candidate_sync_origin_frames"":0,""lag_frames"":41,""length_frames"":887,""level_linear_fs"":0.09,""polarity"":1,""search_bounds_reported_lag_frames"":[-64,64],""snr_db"":4.5,""sync_copy_transform"":""none""}",d9f69fa63721e26d75b989079f13d1aeaf49d183a7fe4bdcca2290023b644fd8,7630bda48cc05c06174b85d533f166fc4ca65d2a96366a0fa4974904e368858f,f6164c10962b5e60a810e4170e838573792235511c870cde9ae3da82ce300ca7,2400ef3795eadc2e90e54ebc1045ec9794735877026a1a9bcc98fe9cf7014354,"{""duration"":""medium"",""energy"":""active"",""lag_position"":""positive"",""level"":""low"",""noise"":""low_snr"",""overlap"":""normal"",""polarity"":""normal"",""sync_origin"":""zero""}"
holdout-rademacher-noise-v1-10,holdout,rademacher-noise-v1,unique,41,A 48-frame holdout sync region probes minimum-overlap generalization.,rademacher-noise-v1,1.0.0,91010,"{""baseline_sync_length_frames"":48,""baseline_sync_origin_frames"":0,""candidate_gain"":1.0,""candidate_sync_length_frames"":48,""candidate_sync_origin_frames"":0,""lag_frames"":41,""length_frames"":641,""level_linear_fs"":0.63,""polarity"":1,""search_bounds_reported_lag_frames"":[-64,64],""snr_db"":null,""sync_copy_transform"":""none""}",2ba752b554133beff3f3878a0ad44867eb130d335571fec31d98c5bcd9ee8051,ef85a2d63e1c0e9487dbe997abe470c37f986eed8e80b77a5346e6fc94b5c054,a11cc3ac89fdbbde28eb0197381ccf3107439c99990babe8508debfadc78cc45,0799c4963fd1cf08473b92537932f951281696ad19887f73dcbf70e38a78f6db,"{""duration"":""short"",""energy"":""active"",""lag_position"":""positive"",""level"":""nominal"",""noise"":""none"",""overlap"":""normal"",""polarity"":""normal"",""sync_origin"":""zero""}"
holdout-integer-chirp-v1-11,holdout,integer-chirp-v1,unique,-64,A non-repeating deterministic chirp has one constructed correspondence.,integer-chirp-v1,1.0.0,91011,"{""baseline_sync_length_frames"":641,""baseline_sync_origin_frames"":0,""candidate_gain"":1.0,""candidate_sync_length_frames"":641,""candidate_sync_origin_frames"":0,""end_cycles_per_frame"":0.083,""lag_frames"":-64,""length_frames"":641,""level_linear_fs"":0.63,""polarity"":1,""search_bounds_reported_lag_frames"":[-64,64],""snr_db"":null,""start_cycles_per_frame"":0.0031,""sync_copy_transform"":""none""}",9f7304ec099f33d948e492d0dff2eef14c5a43a1ea88152fb1b55753b9a5562a,60bc368826c1117ad339c92fce63bd727e1c00aaa14a80cf3f90466d2026cc97,13a570fa3a3c888149ed6856e8168bb195e657d80bee0a69b3dbc221cf65364a,5916ee44836de77f9a532e3ab2a4ab4392243ba221c07a47719cf5fe043a8e55,"{""duration"":""short"",""energy"":""active"",""lag_position"":""lower_boundary"",""level"":""nominal"",""noise"":""none"",""overlap"":""normal"",""polarity"":""normal"",""sync_origin"":""zero""}"
holdout-integer-chirp-v1-12,holdout,integer-chirp-v1,unique,-23,A non-repeating deterministic chirp has one constructed correspondence.,integer-chirp-v1,1.0.0,91012,"{""baseline_sync_length_frames"":870,""baseline_sync_origin_frames"":17,""candidate_gain"":1.0,""candidate_sync_length_frames"":884,""candidate_sync_origin_frames"":3,""end_cycles_per_frame"":0.137,""lag_frames"":-23,""length_frames"":887,""level_linear_fs"":0.09,""polarity"":-1,""search_bounds_reported_lag_frames"":[-64,64],""snr_db"":null,""start_cycles_per_frame"":0.0073,""sync_copy_transform"":""none""}",66a0985f8b15f099ea539c3dcf83ddb4310486ef2336ed5f489782e36e6d8a7d,54b50517222cabf5015eb090597bccd995565f005bb00617d67f86c6d412c04d,c8f9d5f8539b72dd478485699485d5cbdef6c4e799b48502123f1a87472e7d3e,70e2f20ff84c039fa500edeaaddc5576216f987dbb4843f11e7be42c5a7b3528,"{""duration"":""medium"",""energy"":""active"",""lag_position"":""negative"",""level"":""low"",""noise"":""none"",""overlap"":""normal"",""polarity"":""inverted"",""sync_origin"":""offset""}"
holdout-integer-chirp-v1-13,holdout,integer-chirp-v1,unique,41,A non-repeating deterministic chirp has one constructed correspondence.,integer-chirp-v1,1.0.0,91013,"{""baseline_sync_length_frames"":1142,""baseline_sync_origin_frames"":11,""candidate_gain"":1.0,""candidate_sync_length_frames"":1130,""candidate_sync_origin_frames"":23,""end_cycles_per_frame"":0.191,""lag_frames"":41,""length_frames"":1153,""level_linear_fs"":0.63,""polarity"":1,""search_bounds_reported_lag_frames"":[-64,64],""snr_db"":null,""start_cycles_per_frame"":0.011,""sync_copy_transform"":""none""}",ef4fca8ea86b6462df9d7da26589c5d0dc3d28a1415704cc3d8a8d2f5da4345e,48446f9a4e75dd586d5dadcea0086b553509101a61411444c71ffc196ee6b3fd,d8fb6fadb999cd1c471da2a7bc16b16bcaaf2244806fbc05eaa7df6efc817782,95820acd34f36deaf8d127a7147d3013570bff54c20a72be3926fe06c231a5c9,"{""duration"":""long"",""energy"":""active"",""lag_position"":""positive"",""level"":""nominal"",""noise"":""none"",""overlap"":""normal"",""polarity"":""normal"",""sync_origin"":""offset""}"
holdout-integer-chirp-v1-14,holdout,integer-chirp-v1,unique,64,A non-repeating deterministic chirp has one constructed correspondence.,integer-chirp-v1,1.0.0,91014,"{""baseline_sync_length_frames"":641,""baseline_sync_origin_frames"":0,""candidate_gain"":1.0,""candidate_sync_length_frames"":641,""candidate_sync_origin_frames"":0,""end_cycles_per_frame"":0.223,""lag_frames"":64,""length_frames"":641,""level_linear_fs"":0.09,""polarity"":1,""search_bounds_reported_lag_frames"":[-64,64],""snr_db"":null,""start_cycles_per_frame"":0.017,""sync_copy_transform"":""none""}",d7487932cf964ccfb058c256ab71016946e5fa08a1cacbafd163f245397eb75f,47f4ba90a3deb310aa5a1e636098d3453f81eb983923dbd6eb7d0a520d153825,ccbb150673125bd13117384e9cf8231b21bfc0014b2bf80454ad75214b93b379,4d5b160b67a6082bfb401d15f49be5ef1562d643e81355251fcf83710b360bfb,"{""duration"":""short"",""energy"":""active"",""lag_position"":""upper_boundary"",""level"":""low"",""noise"":""none"",""overlap"":""normal"",""polarity"":""normal"",""sync_origin"":""zero""}"
holdout-harmonic-comb-v1-15,holdout,harmonic-comb-v1,ambiguous,,A harmonic periodic construction has multiple equivalent maxima.,harmonic-comb-v1,1.0.0,91015,"{""baseline_sync_length_frames"":887,""baseline_sync_origin_frames"":0,""candidate_gain"":1.0,""candidate_sync_length_frames"":887,""candidate_sync_origin_frames"":0,""lag_frames"":0,""length_frames"":887,""level_linear_fs"":0.8,""period_frames"":19,""polarity"":1,""search_bounds_reported_lag_frames"":[-64,64],""snr_db"":null,""sync_copy_transform"":""none""}",a650e98c61990c7d73a6b15934a66bcb8b48c4305e10f3368b338ff077265332,0bc4f6ac119e880e2ebbad6626a30cc1fac9e84961867bb22f257e6363e9a4c4,0bc4f6ac119e880e2ebbad6626a30cc1fac9e84961867bb22f257e6363e9a4c4,572ca43a8df60ba0641ba3c7b94ecffd130ccb74cfd1f413a80fb0b041369cad,"{""duration"":""medium"",""energy"":""active"",""lag_position"":""not_applicable"",""level"":""nominal"",""noise"":""none"",""overlap"":""normal"",""polarity"":""normal"",""sync_origin"":""zero""}"
holdout-harmonic-comb-v1-16,holdout,harmonic-comb-v1,ambiguous,,A harmonic periodic construction has multiple equivalent maxima.,harmonic-comb-v1,1.0.0,91016,"{""baseline_sync_length_frames"":887,""baseline_sync_origin_frames"":0,""candidate_gain"":1.0,""candidate_sync_length_frames"":887,""candidate_sync_origin_frames"":0,""lag_frames"":0,""length_frames"":887,""level_linear_fs"":0.8,""period_frames"":27,""polarity"":1,""search_bounds_reported_lag_frames"":[-64,64],""snr_db"":null,""sync_copy_transform"":""none""}",1c55461bbaea1fa163668751b38c26c983777ee5645bf4d0c4a83fb2a2498e35,2780ec7ae2415f09e8c5a07727e5d23538af72da6933bc70f5972706d847366f,2780ec7ae2415f09e8c5a07727e5d23538af72da6933bc70f5972706d847366f,1c65fb9b30975f433bb2154195d3c18c3ec8f471aca66e46fd8502d0d6641ec8,"{""duration"":""medium"",""energy"":""active"",""lag_position"":""not_applicable"",""level"":""nominal"",""noise"":""none"",""overlap"":""normal"",""polarity"":""normal"",""sync_origin"":""zero""}"
holdout-harmonic-comb-v1-17,holdout,harmonic-comb-v1,ambiguous,,A harmonic periodic construction has multiple equivalent maxima.,harmonic-comb-v1,1.0.0,91017,"{""baseline_sync_length_frames"":887,""baseline_sync_origin_frames"":0,""candidate_gain"":1.0,""candidate_sync_length_frames"":887,""candidate_sync_origin_frames"":0,""lag_frames"":0,""length_frames"":887,""level_linear_fs"":0.8,""period_frames"":31,""polarity"":1,""search_bounds_reported_lag_frames"":[-64,64],""snr_db"":null,""sync_copy_transform"":""none""}",5de42ecba56eeb7d34d84a1e486a9eb91ae495bf2aefb48a0c9cafb230e10399,eeb8b6f038440bab0034e6a1f7b27b98ccca7743e15819c1e4a79219346825af,eeb8b6f038440bab0034e6a1f7b27b98ccca7743e15819c1e4a79219346825af,fd95c38e33068b3bd644f024f631bcffc89ebb397fbe9040b725c65f7e2765a4,"{""duration"":""medium"",""energy"":""active"",""lag_position"":""not_applicable"",""level"":""nominal"",""noise"":""none"",""overlap"":""normal"",""polarity"":""normal"",""sync_origin"":""zero""}"
holdout-repeated-block-v1-18,holdout,repeated-block-v1,ambiguous,,Repeated deterministic blocks create equivalent peaks beyond every candidate exclusion radius.,repeated-block-v1,1.0.0,91018,"{""baseline_sync_length_frames"":1153,""baseline_sync_origin_frames"":0,""block_length_frames"":21,""candidate_gain"":1.0,""candidate_sync_length_frames"":1153,""candidate_sync_origin_frames"":0,""lag_frames"":0,""length_frames"":1153,""level_linear_fs"":0.8,""polarity"":1,""search_bounds_reported_lag_frames"":[-64,64],""snr_db"":null,""sync_copy_transform"":""none""}",d5ea944c9dfbf75d50c9d96d0d221ec316cb1f5da66d6b0d31f9ca8826ec8cbd,6dcc8e3985dd3f9b0147151d1de2827eaea72c002749a15cf2632236ae9cbe4b,6dcc8e3985dd3f9b0147151d1de2827eaea72c002749a15cf2632236ae9cbe4b,63940728538c5c117046fc765e9ab1f35d3acd49ba0b9b32bec86ed65df64e7e,"{""duration"":""long"",""energy"":""active"",""lag_position"":""not_applicable"",""level"":""nominal"",""noise"":""none"",""overlap"":""normal"",""polarity"":""normal"",""sync_origin"":""zero""}"
holdout-repeated-block-v1-19,holdout,repeated-block-v1,ambiguous,,Repeated deterministic blocks create equivalent peaks beyond every candidate exclusion radius.,repeated-block-v1,1.0.0,91019,"{""baseline_sync_length_frames"":1153,""baseline_sync_origin_frames"":0,""block_length_frames"":29,""candidate_gain"":1.0,""candidate_sync_length_frames"":1153,""candidate_sync_origin_frames"":0,""lag_frames"":0,""length_frames"":1153,""level_linear_fs"":0.8,""polarity"":1,""search_bounds_reported_lag_frames"":[-64,64],""snr_db"":null,""sync_copy_transform"":""none""}",ffd0b35ba06824ba1713d15b028ff56d7f0a7a9667401afe7908eddd1c94b294,429f9dd12b17793d94ebbb0886198e6623badd49321f3e5eb7ac51d3a6b464ea,429f9dd12b17793d94ebbb0886198e6623badd49321f3e5eb7ac51d3a6b464ea,6710422135457f2eb06998e2aafacf0275184f768bd8ad150433cf52c7a93ba2,"{""duration"":""long"",""energy"":""active"",""lag_position"":""not_applicable"",""level"":""nominal"",""noise"":""none"",""overlap"":""normal"",""polarity"":""normal"",""sync_origin"":""zero""}"
holdout-repeated-block-v1-20,holdout,repeated-block-v1,ambiguous,,Repeated deterministic blocks create equivalent peaks beyond every candidate exclusion radius.,repeated-block-v1,1.0.0,91020,"{""baseline_sync_length_frames"":1153,""baseline_sync_origin_frames"":0,""block_length_frames"":37,""candidate_gain"":1.0,""candidate_sync_length_frames"":1153,""candidate_sync_origin_frames"":0,""lag_frames"":0,""length_frames"":1153,""level_linear_fs"":0.8,""polarity"":1,""search_bounds_reported_lag_frames"":[-64,64],""snr_db"":null,""sync_copy_transform"":""none""}",d86a78f3c2a3af4e75d98ce19e244dcc7b273d938aa0cb983ab41d541428f1b3,19e5a0e5926872b8613213a8a7a6de87658fdccc9a93319e2836f43f3726f45c,19e5a0e5926872b8613213a8a7a6de87658fdccc9a93319e2836f43f3726f45c,22efa9226cdf468edd28593191dd31fdd00e04eefd5a460f5f72e2d75a55f449,"{""duration"":""long"",""energy"":""active"",""lag_position"":""not_applicable"",""level"":""nominal"",""noise"":""none"",""overlap"":""normal"",""polarity"":""normal"",""sync_origin"":""zero""}"
holdout-near-silence-v1-21,holdout,near-silence-v1,invalid,,Near-silence is below the smallest frozen candidate RMS floor.,near-silence-v1,1.0.0,91021,"{""amplitude_linear_fs"":1e-09,""baseline_sync_length_frames"":641,""baseline_sync_origin_frames"":0,""candidate_gain"":1.0,""candidate_sync_length_frames"":641,""candidate_sync_origin_frames"":0,""lag_frames"":0,""length_frames"":641,""level_linear_fs"":1.0,""polarity"":1,""search_bounds_reported_lag_frames"":[-64,64],""snr_db"":null,""sync_copy_transform"":""none""}",b5c030b2322023040e477d552ebf10bcbae7d835368fb3cccf50c3af8c9be885,149b1709e567de5095a2fd62d9896bd5542512d455029cef41df3387f1e6a7de,149b1709e567de5095a2fd62d9896bd5542512d455029cef41df3387f1e6a7de,2a1ce58a775eb55720d575acdf3cbc7414992273a468373c34e0dc86dbd68a25,"{""duration"":""short"",""energy"":""near_silence"",""lag_position"":""not_applicable"",""level"":""near_silence"",""noise"":""none"",""overlap"":""normal"",""polarity"":""normal"",""sync_origin"":""zero""}"
holdout-near-silence-v1-22,holdout,near-silence-v1,invalid,,Near-silence is below the smallest frozen candidate RMS floor.,near-silence-v1,1.0.0,91022,"{""amplitude_linear_fs"":5e-08,""baseline_sync_length_frames"":641,""baseline_sync_origin_frames"":0,""candidate_gain"":1.0,""candidate_sync_length_frames"":641,""candidate_sync_origin_frames"":0,""lag_frames"":0,""length_frames"":641,""level_linear_fs"":1.0,""polarity"":1,""search_bounds_reported_lag_frames"":[-64,64],""snr_db"":null,""sync_copy_transform"":""none""}",9655e6ba4760eb0658f6d34a1262d41cb5afa9de0457bef56b0845c0e585074e,a50c37b500bf2225a506d3bcdbb39603f92f8b020f3f96589aec4c46ca480d6c,a50c37b500bf2225a506d3bcdbb39603f92f8b020f3f96589aec4c46ca480d6c,3717b2a5f6bee2650278004b13b5add3421305eb7919101a7348eeac58228650,"{""duration"":""short"",""energy"":""near_silence"",""lag_position"":""not_applicable"",""level"":""near_silence"",""noise"":""none"",""overlap"":""normal"",""polarity"":""normal"",""sync_origin"":""zero""}"
holdout-near-silence-v1-23,holdout,near-silence-v1,invalid,,Near-silence is below the smallest frozen candidate RMS floor.,near-silence-v1,1.0.0,91023,"{""amplitude_linear_fs"":9e-08,""baseline_sync_length_frames"":641,""baseline_sync_origin_frames"":0,""candidate_gain"":1.0,""candidate_sync_length_frames"":641,""candidate_sync_origin_frames"":0,""lag_frames"":0,""length_frames"":641,""level_linear_fs"":1.0,""polarity"":1,""search_bounds_reported_lag_frames"":[-64,64],""snr_db"":null,""sync_copy_transform"":""none""}",fb9b45e8d3268d91cd45a4f5e45aec8578732be505a537f2c076c2728c92890e,0249cc515915e6ac088301478b9952fd655706a225c06e36ebb3c0cb8203ea52,0249cc515915e6ac088301478b9952fd655706a225c06e36ebb3c0cb8203ea52,318c614f4ae06c272b0123a0026eaef9504bd8174d8f0e12ddf9882fa34af2f5,"{""duration"":""short"",""energy"":""near_silence"",""lag_position"":""not_applicable"",""level"":""near_silence"",""noise"":""none"",""overlap"":""normal"",""polarity"":""normal"",""sync_origin"":""zero""}"
holdout-short-sync-offset-v1-24,holdout,short-sync-offset-v1,invalid,,Every eligible holdout overlap is shorter than 16 frames.,short-sync-offset-v1,1.0.0,91024,"{""baseline_sync_length_frames"":15,""baseline_sync_origin_frames"":0,""candidate_gain"":1.0,""candidate_sync_length_frames"":15,""candidate_sync_origin_frames"":0,""lag_frames"":0,""length_frames"":641,""level_linear_fs"":0.8,""polarity"":1,""search_bounds_reported_lag_frames"":[-64,64],""snr_db"":null,""sync_copy_transform"":""none""}",5f245181f288f7242234e19d19330f2475c9d1dd5bd95c129ebe8307020f1cb8,f9322770e9b2266878318e7c13788d8a4eb26b32b27c9539714de8692af82428,f9322770e9b2266878318e7c13788d8a4eb26b32b27c9539714de8692af82428,310011bfd613354d991d70cca2c6809743464511225b3864a0ccbfec162903a7,"{""duration"":""short"",""energy"":""active"",""lag_position"":""not_applicable"",""level"":""nominal"",""noise"":""none"",""overlap"":""short"",""polarity"":""normal"",""sync_origin"":""zero""}"
holdout-short-sync-offset-v1-25,holdout,short-sync-offset-v1,invalid,,Every eligible holdout overlap is shorter than 16 frames.,short-sync-offset-v1,1.0.0,91025,"{""baseline_sync_length_frames"":15,""baseline_sync_origin_frames"":11,""candidate_gain"":1.0,""candidate_sync_length_frames"":15,""candidate_sync_origin_frames"":23,""lag_frames"":0,""length_frames"":641,""level_linear_fs"":0.8,""polarity"":1,""search_bounds_reported_lag_frames"":[-64,64],""snr_db"":null,""sync_copy_transform"":""none""}",47615b9a5c4a158e7efd81ffddb99c1cbfa21dca742501a752eb968d48e73afc,2c68b0c2a38a30bfb53c8a67cafb8991cf9800270cee99412201ff7274f13d84,2c68b0c2a38a30bfb53c8a67cafb8991cf9800270cee99412201ff7274f13d84,9b37caae86f59bb68cb2ed0755b87d2b8d4ac2059a590788f30da7cdcb11d729,"{""duration"":""short"",""energy"":""active"",""lag_position"":""not_applicable"",""level"":""nominal"",""noise"":""none"",""overlap"":""short"",""polarity"":""normal"",""sync_origin"":""offset""}"
holdout-tapered-plateau-v1-26,holdout,tapered-plateau-v1,ambiguous,,A disjoint constant-level construction creates a broad artificial holdout plateau.,tapered-plateau-v1,1.0.0,91026,"{""baseline_sync_length_frames"":641,""baseline_sync_origin_frames"":0,""candidate_gain"":1.0,""candidate_sync_length_frames"":641,""candidate_sync_origin_frames"":0,""construction"":""constant-level-holdout"",""lag_frames"":0,""length_frames"":641,""level_linear_fs"":0.63,""polarity"":1,""search_bounds_reported_lag_frames"":[-64,64],""snr_db"":null,""sync_copy_transform"":""none""}",be3bdec09d8309b279ede0bc35b2e25aad0a791f511bbbe556188e6f810c9d55,a4d820007619d7ca691f01abd6a7221bb4d0c7c0eab883d9f2e81c9725514842,a4d820007619d7ca691f01abd6a7221bb4d0c7c0eab883d9f2e81c9725514842,06a45842b085cae6fbf46f8c635857f0b98a7207bcea678d07355bfd7a3ddf31,"{""duration"":""short"",""energy"":""active"",""lag_position"":""not_applicable"",""level"":""nominal"",""noise"":""none"",""overlap"":""normal"",""polarity"":""normal"",""sync_origin"":""zero""}"
holdout-tapered-plateau-v1-27,holdout,tapered-plateau-v1,ambiguous,,A disjoint constant-level construction creates a broad artificial holdout plateau.,tapered-plateau-v1,1.0.0,91027,"{""baseline_sync_length_frames"":1153,""baseline_sync_origin_frames"":0,""candidate_gain"":1.0,""candidate_sync_length_frames"":1153,""candidate_sync_origin_frames"":0,""construction"":""constant-level-holdout"",""lag_frames"":0,""length_frames"":1153,""level_linear_fs"":0.63,""polarity"":1,""search_bounds_reported_lag_frames"":[-64,64],""snr_db"":null,""sync_copy_transform"":""none""}",4b1f1053b8888a3c08ba939527fe83eb03cfaee10a1c4feafcf69efe7b0ebf3b,13399be9834988af3ace6794c75b2fb0b3845193a95379750ec80d5e17595cea,13399be9834988af3ace6794c75b2fb0b3845193a95379750ec80d5e17595cea,370845ea4e7c6a32a6e458ac9077538e649d401ca886f9b2faf8b0d408b98b9b,"{""duration"":""long"",""energy"":""active"",""lag_position"":""not_applicable"",""level"":""nominal"",""noise"":""none"",""overlap"":""normal"",""polarity"":""normal"",""sync_origin"":""zero""}"
